[
  {
    "name": "WeKeep Notes",
    "desc": "We keep notes saver. Stores Notes in LocalStorage. TailwindCSS",
    "meta": "wekeep"
  },
  {
    "name": "Songify Music Player",
    "desc": "Music Player with play, pause, playlist and all major features. SASS/SCSS",
    "meta": "songify"
  },
  {
    "name": "Quiz Web App",
    "desc": "Simple quiz application. tailwindCSS framework.",
    "meta": "quizapp"
  },
  {
    "name": "Temperature Converter",
    "desc": "Temperature converter celsius to kelvin and fahrenhiet live.",
    "meta": "tempconvert"
  },
  {
    "name": "Words Counter",
    "desc": "Words and character counter. Live Counter JavaScript Project.",
    "meta": "wordcount"
  },
  {
    "name": "Simple Stopwatch",
    "desc": "Simple stopwatch with start, stop and reset features.",
    "meta": "stopwatch"
  },
  {
    "name": "Basic Percentage Calc",
    "desc": "Percentage And Grade Calculator Based On The Marks Enter By The User.",
    "meta": "percentcalc"
  },
  {
    "name": "Simple Calculator",
    "desc": "Simple Operations Calculator Based On The Two User Inputs.",
    "meta": "twonumcalc"
  },
  {
    "name": "Todo List",
    "desc": "Simple Todo List Webapp With Modern UI And Glassmorphism.",
    "meta": "todo"
  },
  {
    "name": "Age Calculator",
    "desc": "Calculates The Age Of The User. Wishes Too On Birthday.",
    "meta": "agecalc"
  },
  {
    "name": "Password Generator",
    "desc": "A Basic Password Generator As Per The User Selected Criteria.",
    "meta": "pwdgen"
  },
  {
    "name": "Issue Tracker",
    "desc": "Assign Issue With The Auto Generated Id By Using ChanceJS. Uses LocalStorage.",
    "meta": "issuetracker"
  },
  {
    "name": "Simple Calculator",
    "desc": "A Simple Caculator Built Using JQuery.",
    "meta": "basic-calc"
  },
  {
    "name": "Neomorphism Clock",
    "desc": "Basic Neomorphism Clock With Hour, Min, Sec With Light And Dark Mode. Tilt Effect.",
    "meta": "neoclock"
  }
]
